2014-03-07 18:00:00,10,OX3XR,64.188,-51.708,G4PMB,51.479,-5.042,10140152,-25,0,33,3011
2014-03-07 18:00:00,10,OX3XR,64.188,-51.708,DK6UG,49.521,8.208,10140109,-26,0,33,3810
2014-03-07 18:00:00,10,OX3XR,64.188,-51.708,LA3JJ,59.313,10.125,10140109,-25,0,33,3166
2014-03-07 18:00:00,10,OX3XR,64.188,-51.708,LA5GOA,59.354,5.208,10140082,-14,0,33,2936
2014-03-07 18:00:00,10,OX3XR,64.188,-51.708,OH3HTI,61.271,24.042,10140102,-22,0,33,3643
2014-03-07 18:00:00,10,OX3XR,64.188,-51.708,GM4WMM,59.063,-3.042,10140125,-14,0,33,2566
2014-03-07 18:00:00,10,OX3XR,64.188,-51.708,LA5GOA/RX2,59.354,5.208,10140082,-15,0,33,2936
2014-03-07 18:00:00,10,OX3XR,64.188,-51.708,G0MQW,51.479,-0.958,10140107,-21,0,33,3208
2014-03-07 18:10:00,10,OX3XR,64.188,-51.708,DK6UG,49.521,8.208,10140109,-24,0,33,3810
2014-03-07 18:10:00,10,OX3XR,64.188,-51.708,PA3FNY2,52.104,5.125,10140102,-21,0,33,3453
2014-03-07 18:10:00,10,OX3XR,64.188,-51.708,PI4THT,52.229,6.875,10140106,-25,0,33,3527
2014-03-07 18:22:00,10,OX3XR,64.188,-51.708,PA3FNY,52.104,5.125,10140102,-18,0,33,3453
2014-03-07 18:22:00,10,OX3XR,64.188,-51.708,DK6UG,49.521,8.208,10140108,-23,0,33,3810
2014-03-07 18:22:00,10,OX3XR,64.188,-51.708,DL1GMG,48.396,9.958,10140113,-23,0,33,3988
2014-03-07 18:22:00,10,OX3XR,64.188,-51.708,GM4EFR,58.604,-3.375,10140144,-25,0,33,2578
2014-03-07 18:22:00,10,OX3XR,64.188,-51.708,PI4THT,52.229,6.875,10140105,-24,0,33,3527
2014-03-07 18:22:00,10,OX3XR,64.188,-51.708,LA5GOA/RX2,59.354,5.208,10140081,-20,0,33,2936
2014-03-07 18:32:00,10,OX3XR,64.188,-51.708,PA3FNY,52.104,5.125,10140102,-18,0,33,3453
2014-03-07 18:32:00,10,OX3XR,64.188,-51.708,LA5GOA,59.354,5.208,10140081,-25,0,33,2936
2014-03-07 18:32:00,10,OX3XR,64.188,-51.708,DK6UG,49.521,8.208,10140108,-33,0,33,3810
2014-03-07 18:32:00,10,OX3XR,64.188,-51.708,OH3HTI,61.271,24.042,10140102,-33,0,33,3643
2014-03-07 18:32:00,10,OX3XR,64.188,-51.708,LA5GOA/RX2,59.354,5.208,10140081,-24,0,33,2936
2014-03-07 18:32:00,10,OX3XR,64.188,-51.708,DL1GMG,48.396,9.958,10140112,-27,0,33,3988
2014-03-07 18:32:00,10,OX3XR,64.188,-51.708,PI4THT,52.229,6.875,10140106,-28,0,33,3527
2014-03-07 18:44:00,10,OX3XR,64.188,-51.708,LA5GOA,59.354,5.208,10140082,-16,0,33,2936
2014-03-07 18:44:00,10,OX3XR,64.188,-51.708,LA3JJ,59.313,10.125,10140109,-33,0,33,3166
2014-03-07 18:44:00,10,OX3XR,64.188,-51.708,ON7KO,51.188,4.208,10140109,-18,1,33,3481
2014-03-07 18:44:00,10,OX3XR,64.188,-51.708,GM4WMM,59.063,-3.042,10140124,-16,0,33,2566
2014-03-07 18:44:00,10,OX3XR,64.188,-51.708,GM4EFR,58.604,-3.375,10140144,-14,0,33,2578
2014-03-07 18:44:00,10,OX3XR,64.188,-51.708,LA5GOA/RX2,59.354,5.208,10140082,-16,0,33,2936
2014-03-07 18:44:00,10,OX3XR,64.188,-51.708,G0MQW,51.479,-0.958,10140107,-20,0,33,3208
2014-03-07 18:56:00,10,OX3XR,64.188,-51.708,PA3FNY,52.104,5.125,10140102,-18,0,33,3453
2014-03-07 18:56:00,10,OX3XR,64.188,-51.708,DK6UG,49.521,8.208,10140108,-19,0,33,3810
2014-03-07 18:56:00,10,OX3XR,64.188,-51.708,GM4WMM,59.063,-3.042,10140124,-17,0,33,2566
2014-03-07 18:56:00,10,OX3XR,64.188,-51.708,LA5GOA/RX2,59.354,5.208,10140083,-12,0,33,2936
2014-03-07 18:56:00,10,OX3XR,64.188,-51.708,GM4EWM,57.646,-3.292,10140113,-19,0,33,2644
2014-03-07 18:56:00,10,OX3XR,64.188,-51.708,LA5GOA,59.354,5.208,10140083,-12,0,33,2936
2014-03-07 18:56:00,10,OX3XR,64.188,-51.708,ON7KO,51.188,4.208,10140110,-14,0,33,3481
2014-03-07 18:56:00,10,OX3XR,64.188,-51.708,LA3JJ,59.313,10.125,10140110,-17,0,33,3166
2014-03-07 18:56:00,10,OX3XR,64.188,-51.708,GM4EFR,58.604,-3.375,10140144,-13,0,33,2578
2014-03-07 18:56:00,10,OX3XR,64.188,-51.708,G0MQW,51.479,-0.958,10140107,-20,0,33,3208
2014-03-07 18:56:00,10,OX3XR,64.188,-51.708,MW0CWF,51.438,-3.292,10140190,-25,0,33,3098
2014-03-07 18:56:00,10,OX3XR,64.188,-51.708,OH3HTI,61.271,24.042,10140101,-23,0,33,3643
2014-03-07 18:56:00,10,OX3XR,64.188,-51.708,F6BIA,48.688,2.292,10140117,-21,0,33,3593
2014-03-07 18:56:00,10,OX3XR,64.188,-51.708,PA0PUF,51.813,4.125,10140111,-20,0,33,3427
2014-03-07 18:56:00,10,OX3XR,64.188,-51.708,PI4THT,52.229,6.875,10140106,-17,0,33,3527
2014-03-07 18:56:00,10,OX3XR,64.188,-51.708,G8YTR,50.896,-1.042,10140122,-25,0,33,3250
2014-03-07 19:10:00,10,OX3XR,64.188,-51.708,LA5GOA,59.354,5.208,10140082,-14,0,33,2936
2014-03-07 19:10:00,10,OX3XR,64.188,-51.708,DK6UG,49.521,8.208,10140108,-22,0,33,3810
2014-03-07 19:10:00,10,OX3XR,64.188,-51.708,G4PMB,51.479,-5.042,10140153,-28,0,33,3011
2014-03-07 19:10:00,10,OX3XR,64.188,-51.708,ON7KO,51.188,4.208,10140108,-17,0,33,3481
2014-03-07 19:10:00,10,OX3XR,64.188,-51.708,PA3FNY,52.104,5.125,10140102,-20,0,33,3453
2014-03-07 19:10:00,10,OX3XR,64.188,-51.708,MW0CWF,51.438,-3.292,10140189,-22,0,33,3098
2014-03-07 19:10:00,10,OX3XR,64.188,-51.708,OZ7IT,55.229,12.292,10140104,-30,0,33,3555
2014-03-07 19:10:00,10,OX3XR,64.188,-51.708,LA5GOA/RX2,59.354,5.208,10140082,-15,0,33,2936
2014-03-07 19:10:00,10,OX3XR,64.188,-51.708,LA3JJ,59.313,10.125,10140109,-26,0,33,3166
2014-03-07 19:10:00,10,OX3XR,64.188,-51.708,PI4THT,52.229,6.875,10140106,-19,0,33,3527
2014-03-07 19:10:00,10,OX3XR,64.188,-51.708,PA0PUF,51.813,4.125,10140111,-21,0,33,3427
2014-03-07 19:10:00,10,OX3XR,64.188,-51.708,G0MQW,51.479,-0.958,10140107,-20,0,33,3208
2014-03-07 19:20:00,10,OX3XR,64.188,-51.708,DK4TJ,51.104,6.458,10140102,-21,0,33,3597
2014-03-07 19:20:00,10,OX3XR,64.188,-51.708,GM4EWM,57.646,-3.292,10140112,-18,0,33,2644
2014-03-07 19:20:00,10,OX3XR,64.188,-51.708,M0BLP,52.146,0.042,10140127,-23,0,33,3204
2014-03-07 19:20:00,10,OX3XR,64.188,-51.708,LA5GOA,59.354,5.208,10140082,-15,0,33,2936
2014-03-07 19:20:00,10,OX3XR,64.188,-51.708,GM4WMM,59.063,-3.042,10140123,-16,0,33,2566
2014-03-07 19:20:00,10,OX3XR,64.188,-51.708,LA5GOA/RX2,59.354,5.208,10140082,-16,0,33,2936
2014-03-07 19:20:00,10,OX3XR,64.188,-51.708,DK6UG,49.521,8.208,10140108,-22,0,33,3810
2014-03-07 19:20:00,10,OX3XR,64.188,-51.708,LA3LJA,63.396,10.375,10140104,-20,0,33,2928
2014-03-07 19:20:00,10,OX3XR,64.188,-51.708,OZ7IT,55.229,12.292,10140104,-24,0,33,3555
2014-03-07 19:20:00,10,OX3XR,64.188,-51.708,LA3JJ,59.313,10.125,10140109,-22,0,33,3166
2014-03-07 19:20:00,10,OX3XR,64.188,-51.708,ON7KO,51.188,4.208,10140108,-12,0,33,3481
2014-03-07 19:20:00,10,OX3XR,64.188,-51.708,PI4THT,52.229,6.875,10140106,-20,0,33,3527
2014-03-07 19:30:00,10,OX3XR,64.188,-51.708,GM4EWM,57.646,-3.292,10140112,-21,0,33,2644
2014-03-07 19:30:00,10,OX3XR,64.188,-51.708,DK6UG,49.521,8.208,10140108,-21,0,33,3810
2014-03-07 19:30:00,10,OX3XR,64.188,-51.708,GM4WMM,59.063,-3.042,10140123,-14,0,33,2566
2014-03-07 19:30:00,10,OX3XR,64.188,-51.708,HB9JOI,46.938,8.458,10140133,-27,0,33,4040
2014-03-07 19:30:00,10,OX3XR,64.188,-51.708,PA3FNY,52.104,5.125,10140102,-19,0,33,3453
2014-03-07 19:30:00,10,OX3XR,64.188,-51.708,DK4TJ,51.104,6.458,10140103,-20,0,33,3597
2014-03-07 19:30:00,10,OX3XR,64.188,-51.708,LA3LJA,63.396,10.375,10140104,-24,0,33,2928
2014-03-07 19:30:00,10,OX3XR,64.188,-51.708,ON7KO,51.188,4.208,10140108,-13,0,33,3481
2014-03-07 19:30:00,10,OX3XR,64.188,-51.708,DL1GMG,48.396,9.958,10140113,-23,0,33,3988
2014-03-07 19:30:00,10,OX3XR,64.188,-51.708,LA3JJ,59.313,10.125,10140109,-21,0,33,3166
2014-03-07 19:30:00,10,OX3XR,64.188,-51.708,PI4THT,52.229,6.875,10140106,-25,0,33,3527
2014-03-07 19:30:00,10,OX3XR,64.188,-51.708,PA0PUF,51.813,4.125,10140111,-27,0,33,3427
2014-03-07 19:44:00,10,OX3XR,64.188,-51.708,DK4TJ,51.104,6.458,10140105,-22,0,33,3597
2014-03-07 19:44:00,10,OX3XR,64.188,-51.708,M1AVV,54.104,-3.292,10140116,-20,0,33,2892
2014-03-07 19:44:00,10,OX3XR,64.188,-51.708,OZ7IT,55.229,12.292,10140105,-19,0,33,3555
2014-03-07 19:44:00,10,OX3XR,64.188,-51.708,DK6UG,49.521,8.208,10140108,-20,0,33,3810
2014-03-07 19:44:00,10,OX3XR,64.188,-51.708,LA5GOA,59.354,5.208,10140083,-26,0,33,2936
2014-03-07 19:44:00,10,OX3XR,64.188,-51.708,G4PMB,51.479,-5.042,10140154,-28,0,33,3011
2014-03-07 19:44:00,10,OX3XR,64.188,-51.708,MW0CWF,51.438,-3.292,10140190,-22,0,33,3098
2014-03-07 19:44:00,10,OX3XR,64.188,-51.708,OH3HTI,61.271,24.042,10140102,-26,0,33,3643
2014-03-07 19:44:00,10,OX3XR,64.188,-51.708,M0BLP,52.146,0.042,10140127,-26,0,33,3204
2014-03-07 19:44:00,10,OX3XR,64.188,-51.708,GM4EFR,58.604,-3.375,10140144,-27,0,33,2578
2014-03-07 19:44:00,10,OX3XR,64.188,-51.708,G0MQW,51.479,-0.958,10140107,-20,0,33,3208
2014-03-07 19:44:00,10,OX3XR,64.188,-51.708,LA5GOA/RX2,59.354,5.208,10140083,-23,0,33,2936
2014-03-07 19:44:00,10,OX3XR,64.188,-51.708,G8YTR,50.896,-1.042,10140121,-24,0,33,3250
2014-03-07 19:56:00,10,OX3XR,64.188,-51.708,PA3FNY,52.104,5.125,10140102,-15,0,33,3453
2014-03-07 19:56:00,10,OX3XR,64.188,-51.708,GM4SFW,57.563,-4.458,10140108,-10,0,33,2593
2014-03-07 19:56:00,10,OX3XR,64.188,-51.708,G4PMB,51.479,-5.042,10140153,-24,0,33,3011
2014-03-07 19:56:00,10,OX3XR,64.188,-51.708,DK6UG,49.521,8.208,10140108,-20,0,33,3810
2014-03-07 19:56:00,10,OX3XR,64.188,-51.708,OZ7IT,55.229,12.292,10140105,-18,0,33,3555
2014-03-07 19:56:00,10,OX3XR,64.188,-51.708,MW0CWF,51.438,-3.292,10140190,-20,0,33,3098
2014-03-07 19:56:00,10,OX3XR,64.188,-51.708,DK4TJ,51.104,6.458,10140106,-18,0,33,3597
2014-03-07 19:56:00,10,OX3XR,64.188,-51.708,OH3HTI,61.271,24.042,10140101,-22,0,33,3643
2014-03-07 19:56:00,10,OX3XR,64.188,-51.708,GM4WMM,59.063,-3.042,10140122,-21,0,33,2566
2014-03-07 19:56:00,10,OX3XR,64.188,-51.708,LA5GOA/RX2,59.354,5.208,10140083,-18,0,33,2936
2014-03-07 19:56:00,10,OX3XR,64.188,-51.708,DL1GMG,48.396,9.958,10140114,-20,0,33,3988
2014-03-07 19:56:00,10,OX3XR,64.188,-51.708,PA0PUF,51.813,4.125,10140111,-19,0,33,3427
2014-03-07 19:56:00,10,OX3XR,64.188,-51.708,G0MQW,51.479,-0.958,10140107,-17,0,33,3208
2014-03-07 19:56:00,10,OX3XR,64.188,-51.708,PI4THT,52.229,6.875,10140106,-14,0,33,3527
2014-03-07 20:06:00,10,OX3XR,64.188,-51.708,M1AVV,54.104,-3.292,10140116,-17,0,33,2892
2014-03-07 20:06:00,10,OX3XR,64.188,-51.708,PA3FNY,52.104,5.125,10140102,-12,0,33,3453
2014-03-07 20:06:00,10,OX3XR,64.188,-51.708,LA3JJ,59.313,10.125,10140109,-18,0,33,3166
2014-03-07 20:06:00,10,OX3XR,64.188,-51.708,DK6UG,49.521,8.208,10140108,-10,0,33,3810
2014-03-07 20:06:00,10,OX3XR,64.188,-51.708,GM4SFW,57.563,-4.458,10140108,-7,0,33,2593
2014-03-07 20:06:00,10,OX3XR,64.188,-51.708,DL1GMG,48.396,9.958,10140113,-16,0,33,3988
2014-03-07 20:06:00,10,OX3XR,64.188,-51.708,GM4WMM,59.063,-3.042,10140122,-15,0,33,2566
2014-03-07 20:06:00,10,OX3XR,64.188,-51.708,DK4TJ,51.104,6.458,10140106,-11,0,33,3597
2014-03-07 20:06:00,10,OX3XR,64.188,-51.708,ON7KO,51.188,4.208,10140108,-11,0,33,3481
2014-03-07 20:06:00,10,OX3XR,64.188,-51.708,OH3HTI,61.271,24.042,10140101,-14,0,33,3643
2014-03-07 20:06:00,10,OX3XR,64.188,-51.708,PI4THT,52.229,6.875,10140106,-11,0,33,3527
2014-03-07 20:06:00,10,OX3XR,64.188,-51.708,N1NCO,42.479,-71.458,10140118,-27,0,33,2721
2014-03-07 20:06:00,10,OX3XR,64.188,-51.708,OH7AZL,63.563,27.208,10140119,-18,0,33,3614
2014-03-07 20:06:00,10,OX3XR,64.188,-51.708,PA0PUF,51.813,4.125,10140111,-17,0,33,3427
2014-03-07 20:20:00,10,OX3XR,64.188,-51.708,DK6UG,49.521,8.208,10140108,-22,0,33,3810
2014-03-07 20:20:00,10,OX3XR,64.188,-51.708,G4PMB,51.479,-5.042,10140152,-24,0,33,3011
2014-03-07 20:20:00,10,OX3XR,64.188,-51.708,MW0CWF,51.438,-3.292,10140190,-18,0,33,3098
2014-03-07 20:20:00,10,OX3XR,64.188,-51.708,LA5GOA,59.354,5.208,10140084,-5,0,33,2936
2014-03-07 20:20:00,10,OX3XR,64.188,-51.708,M0BLP,52.146,0.042,10140127,-22,0,33,3204
2014-03-07 20:20:00,10,OX3XR,64.188,-51.708,OZ7IT,55.229,12.292,10140104,-28,0,33,3555
2014-03-07 20:20:00,10,OX3XR,64.188,-51.708,GM4SFW,57.563,-4.458,10140108,-11,0,33,2593
2014-03-07 20:20:00,10,OX3XR,64.188,-51.708,DL1GMG,48.396,9.958,10140114,-23,0,33,3988
2014-03-07 20:20:00,10,OX3XR,64.188,-51.708,OH3HTI,61.271,24.042,10140101,-20,0,33,3643
2014-03-07 20:20:00,10,OX3XR,64.188,-51.708,M1AVV,54.104,-3.292,10140115,-15,1,33,2892
2014-03-07 20:20:00,10,OX3XR,64.188,-51.708,ON7KO,51.188,4.208,10140110,-14,0,33,3481
2014-03-07 20:20:00,10,OX3XR,64.188,-51.708,DK4TJ,51.104,6.458,10140106,-16,0,33,3597
2014-03-07 20:20:00,10,OX3XR,64.188,-51.708,LA5GOA/RX2,59.354,5.208,10140084,-5,0,33,2936
2014-03-07 20:20:00,10,OX3XR,64.188,-51.708,F6BIA,48.688,2.292,10140116,-21,0,33,3593
2014-03-07 20:20:00,10,OX3XR,64.188,-51.708,G0MQW,51.479,-0.958,10140107,-15,0,33,3208
2014-03-07 20:20:00,10,OX3XR,64.188,-51.708,PI4THT,52.229,6.875,10140106,-19,0,33,3527
2014-03-07 20:32:00,10,OX3XR,64.188,-51.708,DK4TJ,51.104,6.458,10140106,-10,0,33,3597
2014-03-07 20:32:00,10,OX3XR,64.188,-51.708,OZ7IT,55.229,12.292,10140104,-20,0,33,3555
2014-03-07 20:32:00,10,OX3XR,64.188,-51.708,DK6UG,49.521,8.208,10140108,-15,0,33,3810
2014-03-07 20:32:00,10,OX3XR,64.188,-51.708,EB5DQ,39.646,-0.375,10140149,-25,0,33,4268
2014-03-07 20:32:00,10,OX3XR,64.188,-51.708,GM4WMM,59.063,-3.042,10140122,-23,0,33,2566
2014-03-07 20:32:00,10,OX3XR,64.188,-51.708,G4PMB,51.479,-5.042,10140150,-25,1,33,3011
2014-03-07 20:32:00,10,OX3XR,64.188,-51.708,N1NCO,42.479,-71.458,10140118,-28,0,33,2721
2014-03-07 20:32:00,10,OX3XR,64.188,-51.708,DL1GMG,48.396,9.958,10140114,-22,0,33,3988
2014-03-07 20:32:00,10,OX3XR,64.188,-51.708,PI4THT,52.229,6.875,10140106,-22,0,33,3527
2014-03-07 20:32:00,10,OX3XR,64.188,-51.708,GM4SFW,57.563,-4.458,10140109,-17,0,33,2593
2014-03-07 20:42:00,10,OX3XR,64.188,-51.708,PA3FNY,52.104,5.125,10140102,-9,0,33,3453
2014-03-07 20:42:00,10,OX3XR,64.188,-51.708,DK4TJ,51.104,6.458,10140106,-16,0,33,3597
2014-03-07 20:42:00,10,OX3XR,64.188,-51.708,ON7KO,51.188,4.208,10140109,-2,0,33,3481
2014-03-07 20:42:00,10,OX3XR,64.188,-51.708,ON7KB,51.354,4.375,10140097,-26,0,33,3476
2014-03-07 20:42:00,10,OX3XR,64.188,-51.708,4X1RF,32.771,34.958,10140102,-29,0,33,6609
2014-03-07 20:42:00,10,OX3XR,64.188,-51.708,M1AVV,54.104,-3.292,10140116,-15,-1,33,2892
2014-03-07 20:42:00,10,OX3XR,64.188,-51.708,DK6UG,49.521,8.208,10140107,-18,0,33,3810
2014-03-07 20:42:00,10,OX3XR,64.188,-51.708,LA3JJ,59.313,10.125,10140109,-18,0,33,3166
2014-03-07 20:42:00,10,OX3XR,64.188,-51.708,EB5DQ,39.646,-0.375,10140149,-21,0,33,4268
2014-03-07 20:42:00,10,OX3XR,64.188,-51.708,LA5GOA,59.354,5.208,10140083,-8,0,33,2936
2014-03-07 20:42:00,10,OX3XR,64.188,-51.708,GM4EFR,58.604,-3.375,10140144,-3,1,33,2578
2014-03-07 20:42:00,10,OX3XR,64.188,-51.708,DL1GMG,48.396,9.958,10140114,-20,0,33,3988
2014-03-07 20:42:00,10,OX3XR,64.188,-51.708,GM4WMM,59.063,-3.042,10140122,-10,0,33,2566
2014-03-07 20:42:00,10,OX3XR,64.188,-51.708,PI4THT,52.229,6.875,10140106,-22,0,33,3527
2014-03-07 20:42:00,10,OX3XR,64.188,-51.708,F6BIA,48.688,2.292,10140116,-12,0,33,3593
2014-03-07 20:42:00,10,OX3XR,64.188,-51.708,LA5GOA/RX2,59.354,5.208,10140083,-9,0,33,2936
2014-03-07 20:54:00,10,OX3XR,64.188,-51.708,G4PMB,51.479,-5.042,10140153,-25,0,33,3011
2014-03-07 20:54:00,10,OX3XR,64.188,-51.708,MW0CWF,51.438,-3.292,10140190,-23,0,33,3098
2014-03-07 20:54:00,10,OX3XR,64.188,-51.708,DK4TJ,51.104,6.458,10140106,-13,0,33,3597
2014-03-07 20:54:00,10,OX3XR,64.188,-51.708,EB5DQ,39.646,-0.375,10140148,-22,0,33,4268
2014-03-07 20:54:00,10,OX3XR,64.188,-51.708,LA5GOA,59.354,5.208,10140083,-8,0,33,2936
2014-03-07 20:54:00,10,OX3XR,64.188,-51.708,OH7AZL,63.563,27.208,10140119,-21,0,33,3614
2014-03-07 20:54:00,10,OX3XR,64.188,-51.708,PA3FNY,52.104,5.125,10140102,-14,0,33,3453
2014-03-07 20:54:00,10,OX3XR,64.188,-51.708,DC1RSD,48.563,12.042,10140119,-13,0,33,4075
2014-03-07 20:54:00,10,OX3XR,64.188,-51.708,ON7KB,51.354,4.375,10140096,-22,0,33,3476
2014-03-07 20:54:00,10,OX3XR,64.188,-51.708,K9AN,40.104,-88.125,10140102,-24,0,33,3560
2014-03-07 20:54:00,10,OX3XR,64.188,-51.708,M0BLP,52.146,0.042,10140127,-27,0,33,3204
2014-03-07 20:54:00,10,OX3XR,64.188,-51.708,DK6UG,49.521,8.208,10140107,-18,0,33,3810
2014-03-07 20:54:00,10,OX3XR,64.188,-51.708,PA1GSJ,52.021,4.292,10140142,-24,0,33,3419
2014-03-07 20:54:00,10,OX3XR,64.188,-51.708,LA5GOA/RX2,59.354,5.208,10140083,-8,0,33,2936
2014-03-07 20:54:00,10,OX3XR,64.188,-51.708,DL1GMG,48.396,9.958,10140113,-18,0,33,3988
2014-03-07 20:54:00,10,OX3XR,64.188,-51.708,OZ7IT,55.229,12.292,10140102,-7,0,33,3555
2014-03-07 20:54:00,10,OX3XR,64.188,-51.708,LA3JJ,59.313,10.125,10140108,-18,0,33,3166
2014-03-07 20:54:00,10,OX3XR,64.188,-51.708,F6BIA,48.688,2.292,10140116,-14,0,33,3593
2014-03-07 20:54:00,10,OX3XR,64.188,-51.708,G0MQW,51.479,-0.958,10140107,-17,0,33,3208
2014-03-07 20:54:00,10,OX3XR,64.188,-51.708,PI4THT,52.229,6.875,10140106,-17,0,33,3527
2014-03-07 20:54:00,10,OX3XR,64.188,-51.708,GM4SFW,57.563,-4.458,10140108,-12,0,33,2593
2014-03-07 20:54:00,10,OX3XR,64.188,-51.708,G8YTR,50.896,-1.042,10140121,-19,0,33,3250
2014-03-07 21:04:00,10,OX3XR,64.188,-51.708,OZ8AGB,55.813,12.375,10140152,-25,0,33,3515
2014-03-07 21:04:00,10,OX3XR,64.188,-51.708,G4PMB,51.479,-5.042,10140152,-22,1,33,3011
2014-03-07 21:04:00,10,OX3XR,64.188,-51.708,DK4TJ,51.104,6.458,10140105,-13,0,33,3597
2014-03-07 21:04:00,10,OX3XR,64.188,-51.708,MW0CWF,51.438,-3.292,10140190,-18,0,33,3098
2014-03-07 21:04:00,10,OX3XR,64.188,-51.708,PA3FNY,52.104,5.125,10140101,-13,0,33,3453
2014-03-07 21:04:00,10,OX3XR,64.188,-51.708,LA5GOA,59.354,5.208,10140083,-13,0,33,2936
2014-03-07 21:04:00,10,OX3XR,64.188,-51.708,ON7KB,51.354,4.375,10140096,-26,0,33,3476
2014-03-07 21:04:00,10,OX3XR,64.188,-51.708,GM4WMM,59.063,-3.042,10140120,-7,0,33,2566
2014-03-07 21:04:00,10,OX3XR,64.188,-51.708,M0BLP,52.146,0.042,10140127,-25,0,33,3204
2014-03-07 21:04:00,10,OX3XR,64.188,-51.708,DK6UG,49.521,8.208,10140107,-16,0,33,3810
2014-03-07 21:04:00,10,OX3XR,64.188,-51.708,K9AN,40.104,-88.125,10140102,-24,0,33,3560
2014-03-07 21:04:00,10,OX3XR,64.188,-51.708,OH7AZL,63.563,27.208,10140119,-19,0,33,3614
2014-03-07 21:04:00,10,OX3XR,64.188,-51.708,N1NCO,42.479,-71.458,10140117,-24,0,33,2721
2014-03-07 21:04:00,10,OX3XR,64.188,-51.708,LA9JO,69.063,18.542,10140111,-23,0,33,2969
2014-03-07 21:04:00,10,OX3XR,64.188,-51.708,F6BIA,48.688,2.292,10140116,-14,0,33,3593
2014-03-07 21:04:00,10,OX3XR,64.188,-51.708,G0MQW,51.479,-0.958,10140107,-18,0,33,3208
2014-03-07 21:04:00,10,OX3XR,64.188,-51.708,LA5GOA/RX2,59.354,5.208,10140083,-13,0,33,2936
2014-03-07 21:04:00,10,OX3XR,64.188,-51.708,ON7KO,51.188,4.208,10140108,-4,0,33,3481
2014-03-07 21:04:00,10,OX3XR,64.188,-51.708,PI4THT,52.229,6.875,10140106,-8,0,33,3527
2014-03-07 21:04:00,10,OX3XR,64.188,-51.708,DL1GMG,48.396,9.958,10140113,-16,0,33,3988
2014-03-07 21:04:00,10,OX3XR,64.188,-51.708,GM4SFW,57.563,-4.458,10140108,-5,0,33,2593
2014-03-07 21:04:00,10,OX3XR,64.188,-51.708,G8YTR,50.896,-1.042,10140121,-21,0,33,3250
2014-03-07 21:14:00,10,OX3XR,64.188,-51.708,DK6UG,49.521,8.208,10140107,-11,0,33,3810
2014-03-07 21:14:00,10,OX3XR,64.188,-51.708,PA3FNY,52.104,5.125,10140101,-10,0,33,3453
2014-03-07 21:14:00,10,OX3XR,64.188,-51.708,DK4TJ,51.104,6.458,10140104,-10,0,33,3597
2014-03-07 21:14:00,10,OX3XR,64.188,-51.708,OZ7IT,55.229,12.292,10140102,-7,0,33,3555
2014-03-07 21:14:00,10,OX3XR,64.188,-51.708,MW0CWF,51.438,-3.292,10140189,-20,0,33,3098
2014-03-07 21:14:00,10,OX3XR,64.188,-51.708,K9AN,40.104,-88.125,10140102,-20,0,33,3560
2014-03-07 21:14:00,10,OX3XR,64.188,-51.708,N1NCO,42.479,-71.458,10140117,-21,0,33,2721
2014-03-07 21:14:00,10,OX3XR,64.188,-51.708,GM4SFW,57.563,-4.458,10140108,-7,0,33,2593
2014-03-07 21:26:00,10,OX3XR,64.188,-51.708,4X1RF,32.771,34.958,10140102,-25,0,33,6609
2014-03-07 21:26:00,10,OX3XR,64.188,-51.708,DK6UG,49.521,8.208,10140107,-15,0,33,3810
2014-03-07 21:26:00,10,OX3XR,64.188,-51.708,N2NOM,42.271,-75.875,10140104,-23,0,33,2881
2014-03-07 21:26:00,10,OX3XR,64.188,-51.708,DK4TJ,51.104,6.458,10140104,-13,0,33,3597
2014-03-07 21:26:00,10,OX3XR,64.188,-51.708,K9AN,40.104,-88.125,10140102,-23,0,33,3560
2014-03-07 21:26:00,10,OX3XR,64.188,-51.708,EB5DQ,39.646,-0.375,10140149,-23,0,33,4268
2014-03-07 21:26:00,10,OX3XR,64.188,-51.708,GM4WMM,59.063,-3.042,10140121,-7,0,33,2566
2014-03-07 21:26:00,10,OX3XR,64.188,-51.708,MW0CWF,51.438,-3.292,10140190,-19,0,33,3098
2014-03-07 21:26:00,10,OX3XR,64.188,-51.708,LA5GOA,59.354,5.208,10140083,-11,0,33,2936
2014-03-07 21:26:00,10,OX3XR,64.188,-51.708,F6BIA,48.688,2.292,10140117,-14,0,33,3593
2014-03-07 21:26:00,10,OX3XR,64.188,-51.708,GM4EFR,58.604,-3.375,10140144,-3,0,33,2578
2014-03-07 21:26:00,10,OX3XR,64.188,-51.708,DL1GMG,48.396,9.958,10140114,-23,0,33,3988
2014-03-07 21:26:00,10,OX3XR,64.188,-51.708,N1NCO,42.479,-71.458,10140118,-22,0,33,2721
2014-03-07 21:26:00,10,OX3XR,64.188,-51.708,G0MQW,51.479,-0.958,10140107,-22,0,33,3208
2014-03-07 21:26:00,10,OX3XR,64.188,-51.708,LA5GOA/RX2,59.354,5.208,10140083,-11,0,33,2936
2014-03-07 21:26:00,10,OX3XR,64.188,-51.708,G8YTR,50.896,-1.042,10140122,-20,0,33,3250
2014-03-07 21:40:00,10,OX3XR,64.188,-51.708,OZ8AGB,55.813,12.375,10140152,-21,0,33,3515
2014-03-07 21:40:00,10,OX3XR,64.188,-51.708,ON7KB,51.354,4.375,10140097,-24,0,33,3476
2014-03-07 21:40:00,10,OX3XR,64.188,-51.708,4X1RF,32.771,34.958,10140102,-24,0,33,6609
2014-03-07 21:40:00,10,OX3XR,64.188,-51.708,N2NOM,42.271,-75.875,10140103,-21,0,33,2881
2014-03-07 21:40:00,10,OX3XR,64.188,-51.708,KB9VLR,44.396,-88.208,10140106,-27,0,33,3154
2014-03-07 21:40:00,10,OX3XR,64.188,-51.708,N1NCO,42.479,-71.458,10140118,-21,0,33,2721
2014-03-07 21:40:00,10,OX3XR,64.188,-51.708,DK6UG,49.521,8.208,10140106,-20,0,33,3810
2014-03-07 21:40:00,10,OX3XR,64.188,-51.708,G4PMB,51.479,-5.042,10140150,-21,1,33,3011
2014-03-07 21:40:00,10,OX3XR,64.188,-51.708,K9AN,40.104,-88.125,10140103,-19,0,33,3560
2014-03-07 21:40:00,10,OX3XR,64.188,-51.708,EB5DQ,39.646,-0.375,10140149,-22,0,33,4268
2014-03-07 21:40:00,10,OX3XR,64.188,-51.708,MW0CWF,51.438,-3.292,10140190,-19,0,33,3098
2014-03-07 21:40:00,10,OX3XR,64.188,-51.708,OZ7IT,55.229,12.292,10140102,-11,0,33,3555
2014-03-07 21:40:00,10,OX3XR,64.188,-51.708,M0BLP,52.146,0.042,10140127,-24,0,33,3204
2014-03-07 21:40:00,10,OX3XR,64.188,-51.708,ON7KO,51.188,4.208,10140110,-7,0,33,3481
2014-03-07 21:40:00,10,OX3XR,64.188,-51.708,DK4TJ,51.104,6.458,10140104,-10,0,33,3597
2014-03-07 21:40:00,10,OX3XR,64.188,-51.708,LA5GOA,59.354,5.208,10140083,-13,0,33,2936
2014-03-07 21:40:00,10,OX3XR,64.188,-51.708,G0MQW,51.479,-0.958,10140107,-17,0,33,3208
2014-03-07 21:40:00,10,OX3XR,64.188,-51.708,F6BIA,48.688,2.292,10140115,-15,0,33,3593
2014-03-07 21:40:00,10,OX3XR,64.188,-51.708,LA3JJ,59.313,10.125,10140109,-16,0,33,3166
2014-03-07 21:40:00,10,OX3XR,64.188,-51.708,LA5GOA/RX2,59.354,5.208,10140083,-13,0,33,2936
2014-03-07 21:40:00,10,OX3XR,64.188,-51.708,PI4THT,52.229,6.875,10140106,-15,0,33,3527
2014-03-07 21:40:00,10,OX3XR,64.188,-51.708,GM4SFW,57.563,-4.458,10140108,-6,0,33,2593
2014-03-07 21:40:00,10,OX3XR,64.188,-51.708,G8YTR,50.896,-1.042,10140121,-17,0,33,3250
2014-03-07 21:54:00,10,OX3XR,64.188,-51.708,N1NCO,42.479,-71.458,10140118,-18,0,33,2721
2014-03-07 21:54:00,10,OX3XR,64.188,-51.708,DK6UG,49.521,8.208,10140107,-18,0,33,3810
2014-03-07 21:54:00,10,OX3XR,64.188,-51.708,N2NOM,42.271,-75.875,10140105,-22,0,33,2881
2014-03-07 21:54:00,10,OX3XR,64.188,-51.708,ON7KO,51.188,4.208,10140110,-2,0,33,3481
2014-03-07 21:54:00,10,OX3XR,64.188,-51.708,HB9EWH,46.896,7.542,10140101,-11,-1,33,3999
2014-03-07 21:54:00,10,OX3XR,64.188,-51.708,GM4WMM,59.063,-3.042,10140120,-6,0,33,2566
2014-03-07 21:54:00,10,OX3XR,64.188,-51.708,DK4TJ,51.104,6.458,10140103,-13,0,33,3597
2014-03-07 21:54:00,10,OX3XR,64.188,-51.708,G4PMB,51.479,-5.042,10140152,-21,0,33,3011
2014-03-07 21:54:00,10,OX3XR,64.188,-51.708,M0BLP,52.146,0.042,10140128,-26,0,33,3204
2014-03-07 21:54:00,10,OX3XR,64.188,-51.708,4X1RF,32.771,34.958,10140102,-26,0,33,6609
2014-03-07 21:54:00,10,OX3XR,64.188,-51.708,PA3FNY,52.104,5.125,10140102,-17,0,33,3453
2014-03-07 21:54:00,10,OX3XR,64.188,-51.708,K9AN,40.104,-88.125,10140103,-16,0,33,3560
2014-03-07 21:54:00,10,OX3XR,64.188,-51.708,LA5GOA,59.354,5.208,10140084,-16,0,33,2936
2014-03-07 21:54:00,10,OX3XR,64.188,-51.708,MW0CWF,51.438,-3.292,10140190,-19,0,33,3098
2014-03-07 21:54:00,10,OX3XR,64.188,-51.708,LA3JJ,59.313,10.125,10140110,-19,0,33,3166
2014-03-07 21:54:00,10,OX3XR,64.188,-51.708,GM4EFR,58.604,-3.375,10140144,-7,0,33,2578
2014-03-07 21:54:00,10,OX3XR,64.188,-51.708,LA5GOA/RX2,59.354,5.208,10140084,-17,0,33,2936
2014-03-07 21:54:00,10,OX3XR,64.188,-51.708,DL1GMG,48.396,9.958,10140114,-13,0,33,3988
2014-03-07 21:54:00,10,OX3XR,64.188,-51.708,F6BIA,48.688,2.292,10140116,-11,0,33,3593
2014-03-07 21:54:00,10,OX3XR,64.188,-51.708,OH7AZL,63.563,27.208,10140119,-20,0,33,3614
2014-03-07 21:54:00,10,OX3XR,64.188,-51.708,PI4THT,52.229,6.875,10140106,-18,0,33,3527
2014-03-07 21:54:00,10,OX3XR,64.188,-51.708,GM4SFW,57.563,-4.458,10140109,-10,0,33,2593
2014-03-07 21:54:00,10,OX3XR,64.188,-51.708,G8YTR,50.896,-1.042,10140121,-26,0,33,3250
2014-03-07 22:06:00,10,OX3XR,64.188,-51.708,N2NOM,42.271,-75.875,10140105,-21,0,33,2881
2014-03-07 22:06:00,10,OX3XR,64.188,-51.708,K4RCG,38.479,-78.042,10140115,-25,0,33,3341
2014-03-07 22:06:00,10,OX3XR,64.188,-51.708,G4PMB,51.479,-5.042,10140152,-22,1,33,3011
2014-03-07 22:06:00,10,OX3XR,64.188,-51.708,ON7KO,51.188,4.208,10140110,-5,0,33,3481
2014-03-07 22:06:00,10,OX3XR,64.188,-51.708,MW0CWF,51.438,-3.292,10140191,-20,0,33,3098
2014-03-07 22:06:00,10,OX3XR,64.188,-51.708,K9AN,40.104,-88.125,10140103,-15,0,33,3560
2014-03-07 22:06:00,10,OX3XR,64.188,-51.708,KB9VLR,44.396,-88.208,10140106,-23,0,33,3154
2014-03-07 22:06:00,10,OX3XR,64.188,-51.708,4X1RF,32.771,34.958,10140103,-25,0,33,6609
2014-03-07 22:06:00,10,OX3XR,64.188,-51.708,LA5GOA,59.354,5.208,10140084,-15,0,33,2936
2014-03-07 22:06:00,10,OX3XR,64.188,-51.708,M1AVV,54.104,-3.292,10140116,-16,0,33,2892
2014-03-07 22:06:00,10,OX3XR,64.188,-51.708,PA3FNY,52.104,5.125,10140119,-13,0,33,3453
2014-03-07 22:06:00,10,OX3XR,64.188,-51.708,DK6UG,49.521,8.208,10140107,-16,0,33,3810
2014-03-07 22:06:00,10,OX3XR,64.188,-51.708,DK4TJ,51.104,6.458,10140104,-12,0,33,3597
2014-03-07 22:06:00,10,OX3XR,64.188,-51.708,GM4WMM,59.063,-3.042,10140120,-8,0,33,2566
2014-03-07 22:06:00,10,OX3XR,64.188,-51.708,PI4THT,52.229,6.875,10140106,-13,-1,33,3527
2014-03-07 22:06:00,10,OX3XR,64.188,-51.708,N1NCO,42.479,-71.458,10140118,-24,0,33,2721
2014-03-07 22:06:00,10,OX3XR,64.188,-51.708,DL1GMG,48.396,9.958,10140114,-17,0,33,3988
2014-03-07 22:06:00,10,OX3XR,64.188,-51.708,LA5GOA/RX2,59.354,5.208,10140084,-15,0,33,2936
2014-03-07 22:16:00,10,OX3XR,64.188,-51.708,DC4LC,48.646,9.125,10140121,-21,0,33,3927
2014-03-07 22:16:00,10,OX3XR,64.188,-51.708,MW0CWF,51.438,-3.292,10140191,-19,0,33,3098
2014-03-07 22:16:00,10,OX3XR,64.188,-51.708,G4PMB,51.479,-5.042,10140151,-22,1,33,3011
2014-03-07 22:16:00,10,OX3XR,64.188,-51.708,OZ7IT,55.229,12.292,10140103,-12,0,33,3555
2014-03-07 22:16:00,10,OX3XR,64.188,-51.708,G7VFW,50.813,-0.042,10140103,-29,0,33,3306
2014-03-07 22:16:00,10,OX3XR,64.188,-51.708,DL1GMG,48.396,9.958,10140114,-16,0,33,3988
2014-03-07 22:16:00,10,OX3XR,64.188,-51.708,ON7KO,51.188,4.208,10140110,-7,-1,33,3481
2014-03-07 22:16:00,10,OX3XR,64.188,-51.708,LA3JJ,59.313,10.125,10140111,-19,0,33,3166
2014-03-07 22:16:00,10,OX3XR,64.188,-51.708,DK6UG,49.521,8.208,10140107,-16,0,33,3810
2014-03-07 22:16:00,10,OX3XR,64.188,-51.708,GM4SFW,57.563,-4.458,10140110,-11,0,33,2593
2014-03-07 22:16:00,10,OX3XR,64.188,-51.708,F6BIA,48.688,2.292,10140116,-13,0,33,3593
2014-03-07 22:16:00,10,OX3XR,64.188,-51.708,PA3FNY,52.104,5.125,10140103,-18,0,33,3453
2014-03-07 22:16:00,10,OX3XR,64.188,-51.708,GM4WMM,59.063,-3.042,10140120,-15,0,33,2566
2014-03-07 22:16:00,10,OX3XR,64.188,-51.708,PI4THT,52.229,6.875,10140106,-17,0,33,3527
2014-03-07 22:28:00,10,OX3XR,64.188,-51.708,GM4SFW,57.563,-4.458,10140110,-10,0,33,2593
2014-03-07 22:28:00,10,OX3XR,64.188,-51.708,DC4LC,48.646,9.125,10140120,-18,0,33,3927
2014-03-07 22:28:00,10,OX3XR,64.188,-51.708,K9AN,40.104,-88.125,10140102,-14,0,33,3560
2014-03-07 22:28:00,10,OX3XR,64.188,-51.708,G4PMB,51.479,-5.042,10140154,-23,0,33,3011
2014-03-07 22:28:00,10,OX3XR,64.188,-51.708,DK6UG,49.521,8.208,10140106,-17,0,33,3810
2014-03-07 22:28:00,10,OX3XR,64.188,-51.708,EB5DQ,39.646,-0.375,10140149,-18,0,33,4268
2014-03-07 22:28:00,10,OX3XR,64.188,-51.708,LA5GOA,59.354,5.208,10140084,-11,0,33,2936
2014-03-07 22:28:00,10,OX3XR,64.188,-51.708,OZ7IT,55.229,12.292,10140103,-12,0,33,3555
2014-03-07 22:28:00,10,OX3XR,64.188,-51.708,N2NOM,42.271,-75.875,10140102,-25,0,33,2881
2014-03-07 22:28:00,10,OX3XR,64.188,-51.708,PA3FNY,52.104,5.125,10140102,-19,0,33,3453
2014-03-07 22:28:00,10,OX3XR,64.188,-51.708,ON7KO,51.188,4.208,10140109,-8,0,33,3481
2014-03-07 22:28:00,10,OX3XR,64.188,-51.708,M1AVV,54.104,-3.292,10140116,-17,0,33,2892
2014-03-07 22:28:00,10,OX3XR,64.188,-51.708,MW0CWF,51.438,-3.292,10140190,-20,0,33,3098
2014-03-07 22:28:00,10,OX3XR,64.188,-51.708,KB9VLR,44.396,-88.208,10140105,-23,0,33,3154
2014-03-07 22:28:00,10,OX3XR,64.188,-51.708,DK4TJ,51.104,6.458,10140103,-14,0,33,3597
2014-03-07 22:28:00,10,OX3XR,64.188,-51.708,GM4WMM,59.063,-3.042,10140119,-8,0,33,2566
2014-03-07 22:28:00,10,OX3XR,64.188,-51.708,N1NCO,42.479,-71.458,10140118,-20,0,33,2721
2014-03-07 22:28:00,10,OX3XR,64.188,-51.708,G0MQW,51.479,-0.958,10140108,-21,0,33,3208
2014-03-07 22:28:00,10,OX3XR,64.188,-51.708,LA5GOA/RX2,59.354,5.208,10140084,-11,0,33,2936
2014-03-07 22:28:00,10,OX3XR,64.188,-51.708,PI4THT,52.229,6.875,10140106,-21,0,33,3527
2014-03-07 22:28:00,10,OX3XR,64.188,-51.708,DL1GMG,48.396,9.958,10140113,-20,0,33,3988
2014-03-07 22:28:00,10,OX3XR,64.188,-51.708,G8YTR,50.896,-1.042,10140120,-23,0,33,3250
2014-03-07 22:42:00,10,OX3XR,64.188,-51.708,GM4SFW,57.563,-4.458,10140110,-15,0,33,2593
2014-03-07 22:42:00,10,OX3XR,64.188,-51.708,MW0CWF,51.438,-3.292,10140190,-23,0,33,3098
2014-03-07 22:42:00,10,OX3XR,64.188,-51.708,N2NOM,42.271,-75.875,10140103,-33,0,33,2881
2014-03-07 22:42:00,10,OX3XR,64.188,-51.708,EB5DQ,39.646,-0.375,10140149,-26,0,33,4268
2014-03-07 22:42:00,10,OX3XR,64.188,-51.708,G4PMB,51.479,-5.042,10140155,-27,0,33,3011
2014-03-07 22:42:00,10,OX3XR,64.188,-51.708,OZ7IT,55.229,12.292,10140103,-17,0,33,3555
2014-03-07 22:42:00,10,OX3XR,64.188,-51.708,PA3FNY,52.104,5.125,10140102,-30,0,33,3453
2014-03-07 22:42:00,10,OX3XR,64.188,-51.708,K9AN,40.104,-88.125,10140103,-33,0,33,3560
2014-03-07 22:42:00,10,OX3XR,64.188,-51.708,ON7KO,51.188,4.208,10140110,-23,0,33,3481
2014-03-07 22:42:00,10,OX3XR,64.188,-51.708,GM4WMM,59.063,-3.042,10140120,-15,0,33,2566
2014-03-07 22:42:00,10,OX3XR,64.188,-51.708,PA1GSJ,52.021,4.292,10140142,-28,0,33,3419
2014-03-07 22:42:00,10,OX3XR,64.188,-51.708,F6BIA,48.688,2.292,10140115,-21,0,33,3593
2014-03-07 22:42:00,10,OX3XR,64.188,-51.708,LA3JJ,59.313,10.125,10140110,-22,-1,33,3166
2014-03-07 22:42:00,10,OX3XR,64.188,-51.708,DL1GMG,48.396,9.958,10140113,-17,0,33,3988
2014-03-07 22:42:00,10,OX3XR,64.188,-51.708,G8YTR,50.896,-1.042,10140121,-24,0,33,3250
2014-03-07 22:54:00,0,OX3XR,64.188,-51.708,F4DZQ,46.688,-1.458,475611,-26,0,33,3583
2014-03-07 22:54:00,10,OX3XR,64.188,-51.708,N2NOM,42.271,-75.875,10140101,-20,0,33,2881
2014-03-07 22:54:00,10,OX3XR,64.188,-51.708,EB5DQ,39.646,-0.375,10140149,-24,0,33,4268
2014-03-07 22:54:00,10,OX3XR,64.188,-51.708,DL1GMG,48.396,9.958,10140114,-18,-1,33,3988
2014-03-07 22:54:00,10,OX3XR,64.188,-51.708,G4PMB,51.479,-5.042,10140155,-24,0,33,3011
2014-03-07 22:54:00,10,OX3XR,64.188,-51.708,ON7KO,51.188,4.208,10140109,-10,0,33,3481
2014-03-07 22:54:00,10,OX3XR,64.188,-51.708,4X1RF,32.771,34.958,10140102,-27,0,33,6609
2014-03-07 22:54:00,10,OX3XR,64.188,-51.708,K9AN,40.104,-88.125,10140103,-10,0,33,3560
2014-03-07 22:54:00,10,OX3XR,64.188,-51.708,F6BIA,48.688,2.292,10140115,-16,0,33,3593
2014-03-07 22:54:00,10,OX3XR,64.188,-51.708,GM4SFW,57.563,-4.458,10140110,-12,0,33,2593
2014-03-07 22:54:00,10,OX3XR,64.188,-51.708,OZ7IT,55.229,12.292,10140103,-13,0,33,3555
2014-03-07 22:54:00,10,OX3XR,64.188,-51.708,LA5GOA,59.354,5.208,10140084,-9,0,33,2936
2014-03-07 22:54:00,10,OX3XR,64.188,-51.708,LA5GOA/RX2,59.354,5.208,10140084,-10,0,33,2936
2014-03-07 22:54:00,10,OX3XR,64.188,-51.708,DK6UG,49.521,8.208,10140106,-15,0,33,3810
2014-03-07 22:54:00,10,OX3XR,64.188,-51.708,LA3JJ,59.313,10.125,10140109,-21,0,33,3166
2014-03-07 22:54:00,10,OX3XR,64.188,-51.708,PI4THT,52.229,6.875,10140106,-22,0,33,3527
2014-03-07 23:06:00,10,OX3XR,64.188,-51.708,N2NOM,42.271,-75.875,10140102,-25,0,33,2881
2014-03-07 23:06:00,10,OX3XR,64.188,-51.708,K9AN,40.104,-88.125,10140103,-15,0,33,3560
2014-03-07 23:06:00,10,OX3XR,64.188,-51.708,OZ7IT,55.229,12.292,10140102,-17,0,33,3555
2014-03-07 23:06:00,10,OX3XR,64.188,-51.708,ON7KB,51.354,4.375,10140097,-24,0,33,3476
2014-03-07 23:06:00,10,OX3XR,64.188,-51.708,LA5GOA,59.354,5.208,10140084,-18,0,33,2936
2014-03-07 23:06:00,10,OX3XR,64.188,-51.708,DK4TJ,51.104,6.458,10140103,-18,0,33,3597
2014-03-07 23:06:00,10,OX3XR,64.188,-51.708,ON7KO,51.188,4.208,10140109,-4,0,33,3481
2014-03-07 23:06:00,10,OX3XR,64.188,-51.708,PA3FNY,52.104,5.125,10140118,-19,0,33,3453
2014-03-07 23:06:00,10,OX3XR,64.188,-51.708,DK6UG,49.521,8.208,10140106,-15,0,33,3810
2014-03-07 23:06:00,10,OX3XR,64.188,-51.708,GM4SFW,57.563,-4.458,10140110,-9,0,33,2593
2014-03-07 23:06:00,10,OX3XR,64.188,-51.708,F6BIA,48.688,2.292,10140116,-16,-1,33,3593
2014-03-07 23:06:00,10,OX3XR,64.188,-51.708,EB5DQ,39.646,-0.375,10140149,-25,0,33,4268
2014-03-07 23:06:00,10,OX3XR,64.188,-51.708,PI4THT,52.229,6.875,10140106,-22,0,33,3527
2014-03-07 23:06:00,10,OX3XR,64.188,-51.708,LA5GOA/RX2,59.354,5.208,10140084,-18,0,33,2936
2014-03-07 23:06:00,10,OX3XR,64.188,-51.708,DL1GMG,48.396,9.958,10140114,-23,0,33,3988
2014-03-07 23:06:00,10,OX3XR,64.188,-51.708,G0MQW,51.479,-0.958,10140108,-25,0,33,3208
2014-03-07 23:06:00,10,OX3XR,64.188,-51.708,G8YTR,50.896,-1.042,10140120,-27,0,33,3250
2014-03-07 23:14:00,10,OX3XR,64.188,-51.708,DK6UG,49.521,8.208,10140106,-10,0,33,3810
2014-03-07 23:14:00,10,OX3XR,64.188,-51.708,EB5DQ,39.646,-0.375,10140148,-27,0,33,4268
2014-03-07 23:14:00,10,OX3XR,64.188,-51.708,MW0CWF,51.438,-3.292,10140190,-23,0,33,3098
2014-03-07 23:14:00,10,OX3XR,64.188,-51.708,N2NOM,42.271,-75.875,10140103,-31,0,33,2881
2014-03-07 23:14:00,10,OX3XR,64.188,-51.708,OZ7IT,55.229,12.292,10140103,-20,0,33,3555
2014-03-07 23:14:00,10,OX3XR,64.188,-51.708,LA5GOA,59.354,5.208,10140084,-16,0,33,2936
2014-03-07 23:14:00,10,OX3XR,64.188,-51.708,K9AN,40.104,-88.125,10140103,-25,0,33,3560
2014-03-07 23:14:00,10,OX3XR,64.188,-51.708,LA3JJ,59.313,10.125,10140109,-28,0,33,3166
2014-03-07 23:14:00,10,OX3XR,64.188,-51.708,DL1GMG,48.396,9.958,10140114,-14,0,33,3988
2014-03-07 23:14:00,10,OX3XR,64.188,-51.708,LA5GOA/RX2,59.354,5.208,10140084,-16,0,33,2936
2014-03-07 23:30:00,10,OX3XR,64.188,-51.708,OZ8AGB,55.813,12.375,10140155,-22,1,33,3515
2014-03-07 23:30:00,10,OX3XR,64.188,-51.708,DL1GMG,48.396,9.958,10140114,-16,0,33,3988
2014-03-07 23:30:00,10,OX3XR,64.188,-51.708,GM4SFW,57.563,-4.458,10140109,-13,0,33,2593
2014-03-07 23:30:00,10,OX3XR,64.188,-51.708,PA3FNY,52.104,5.125,10140103,-15,0,33,3453
2014-03-07 23:30:00,10,OX3XR,64.188,-51.708,DK4TJ,51.104,6.458,10140103,-20,0,33,3597
2014-03-07 23:30:00,10,OX3XR,64.188,-51.708,MW0CWF,51.438,-3.292,10140190,-22,0,33,3098
2014-03-07 23:30:00,10,OX3XR,64.188,-51.708,LA5GOA,59.354,5.208,10140083,-16,0,33,2936
2014-03-07 23:30:00,10,OX3XR,64.188,-51.708,G0MQW,51.479,-0.958,10140108,-19,0,33,3208
2014-03-07 23:30:00,10,OX3XR,64.188,-51.708,DK6UG,49.521,8.208,10140106,-13,0,33,3810
2014-03-07 23:30:00,10,OX3XR,64.188,-51.708,ON7KO,51.188,4.208,10140110,-8,0,33,3481
2014-03-07 23:30:00,10,OX3XR,64.188,-51.708,LA3JJ,59.313,10.125,10140109,-21,0,33,3166
2014-03-07 23:30:00,10,OX3XR,64.188,-51.708,K9AN,40.104,-88.125,10140103,-23,0,33,3560
2014-03-07 23:30:00,10,OX3XR,64.188,-51.708,PI4THT,52.229,6.875,10140106,-18,0,33,3527
2014-03-07 23:30:00,10,OX3XR,64.188,-51.708,LA5GOA/RX2,59.354,5.208,10140083,-17,0,33,2936
2014-03-07 23:30:00,10,OX3XR,64.188,-51.708,G8YTR,50.896,-1.042,10140121,-19,0,33,3250
2014-03-07 23:44:00,10,OX3XR,64.188,-51.708,MW0CWF,51.438,-3.292,10140190,-24,0,33,3098
2014-03-07 23:44:00,10,OX3XR,64.188,-51.708,OZ7IT,55.229,12.292,10140102,-21,0,33,3555
2014-03-07 23:44:00,10,OX3XR,64.188,-51.708,K9AN,40.104,-88.125,10140103,-18,0,33,3560
2014-03-07 23:44:00,10,OX3XR,64.188,-51.708,ON7KO,51.188,4.208,10140109,-6,0,33,3481
2014-03-07 23:44:00,10,OX3XR,64.188,-51.708,OH7AZL,63.563,27.208,10140119,-20,0,33,3614
2014-03-07 23:44:00,10,OX3XR,64.188,-51.708,DK6UG,49.521,8.208,10140106,-12,0,33,3810
2014-03-07 23:44:00,10,OX3XR,64.188,-51.708,G4PMB,51.479,-5.042,10140152,-20,1,33,3011
2014-03-07 23:44:00,10,OX3XR,64.188,-51.708,N2NOM,42.271,-75.875,10140101,-28,0,33,2881
2014-03-07 23:44:00,10,OX3XR,64.188,-51.708,EB5DQ,39.646,-0.375,10140148,-22,0,33,4268
2014-03-07 23:44:00,10,OX3XR,64.188,-51.708,LA3JJ,59.313,10.125,10140109,-23,0,33,3166
2014-03-07 23:44:00,10,OX3XR,64.188,-51.708,DK4TJ,51.104,6.458,10140103,-18,0,33,3597
2014-03-07 23:44:00,10,OX3XR,64.188,-51.708,F6BIA,48.688,2.292,10140116,-15,0,33,3593
2014-03-07 23:44:00,10,OX3XR,64.188,-51.708,DL1GMG,48.396,9.958,10140114,-18,0,33,3988
2014-03-07 23:44:00,10,OX3XR,64.188,-51.708,PI4THT,52.229,6.875,10140106,-24,0,33,3527
2014-03-07 23:44:00,10,OX3XR,64.188,-51.708,LA5GOA/RX2,59.354,5.208,10140084,-19,0,33,2936
2014-03-07 23:44:00,10,OX3XR,64.188,-51.708,G8YTR,50.896,-1.042,10140120,-25,0,33,3250
2014-03-07 23:54:00,10,OX3XR,64.188,-51.708,DL1GMG,48.396,9.958,10140114,-18,0,33,3988
2014-03-07 23:54:00,10,OX3XR,64.188,-51.708,ON7KO,51.188,4.208,10140109,-7,0,33,3481
2014-03-07 23:54:00,10,OX3XR,64.188,-51.708,DK6UG,49.521,8.208,10140106,-12,0,33,3810
2014-03-07 23:54:00,10,OX3XR,64.188,-51.708,DK4TJ,51.104,6.458,10140103,-21,0,33,3597
2014-03-07 23:54:00,10,OX3XR,64.188,-51.708,N1NCO,42.479,-71.458,10140118,-23,0,33,2721
2014-03-07 23:54:00,10,OX3XR,64.188,-51.708,K9AN,40.104,-88.125,10140103,-14,0,33,3560
2014-03-07 23:54:00,10,OX3XR,64.188,-51.708,G8YTR,50.896,-1.042,10140120,-24,0,33,3250
2014-03-08 00:06:00,10,OX3XR,64.188,-51.708,F6BIA,48.688,2.292,10140116,-10,0,33,3593
2014-03-08 00:06:00,10,OX3XR,64.188,-51.708,K4RCG,38.479,-78.042,10140115,-25,0,33,3341
2014-03-08 00:06:00,10,OX3XR,64.188,-51.708,ON7KO,51.188,4.208,10140109,-4,0,33,3481
2014-03-08 00:06:00,10,OX3XR,64.188,-51.708,DL1GMG,48.396,9.958,10140114,-19,0,33,3988
2014-03-08 00:06:00,10,OX3XR,64.188,-51.708,G4PMB,51.479,-5.042,10140156,-22,0,33,3011
2014-03-08 00:06:00,10,OX3XR,64.188,-51.708,W3CSW,39.146,-77.125,10140103,-26,0,33,3242
2014-03-08 00:06:00,10,OX3XR,64.188,-51.708,PA3FNY,52.104,5.125,10140103,-16,0,33,3453
2014-03-08 00:06:00,10,OX3XR,64.188,-51.708,N2NOM,42.271,-75.875,10140103,-21,0,33,2881
2014-03-08 00:06:00,10,OX3XR,64.188,-51.708,DK4TJ,51.104,6.458,10140103,-17,0,33,3597
2014-03-08 00:06:00,10,OX3XR,64.188,-51.708,OH7AZL,63.563,27.208,10140119,-24,0,33,3614
2014-03-08 00:06:00,10,OX3XR,64.188,-51.708,KV0S,38.479,-93.042,10140128,-22,0,33,3926
2014-03-08 00:06:00,10,OX3XR,64.188,-51.708,MW0CWF,51.438,-3.292,10140190,-26,0,33,3098
2014-03-08 00:06:00,10,OX3XR,64.188,-51.708,LA3JJ,59.313,10.125,10140110,-18,1,33,3166
2014-03-08 00:06:00,10,OX3XR,64.188,-51.708,N1NCO,42.479,-71.458,10140117,-22,0,33,2721
2014-03-08 00:06:00,10,OX3XR,64.188,-51.708,LA5GOA/RX2,59.354,5.208,10140084,-16,0,33,2936
2014-03-08 00:06:00,10,OX3XR,64.188,-51.708,K9AN,40.104,-88.125,10140103,-17,0,33,3560
2014-03-08 00:06:00,10,OX3XR,64.188,-51.708,G8YTR,50.896,-1.042,10140121,-24,0,33,3250
2014-03-08 00:20:00,10,OX3XR,64.188,-51.708,F6BIA,48.688,2.292,10140117,-14,-1,33,3593
2014-03-08 00:20:00,10,OX3XR,64.188,-51.708,EB5DQ,39.646,-0.375,10140149,-23,-1,33,4268
2014-03-08 00:20:00,10,OX3XR,64.188,-51.708,K4RCG,38.479,-78.042,10140116,-24,0,33,3341
2014-03-08 00:20:00,10,OX3XR,64.188,-51.708,N2NOM,42.271,-75.875,10140105,-23,0,33,2881
2014-03-08 00:20:00,10,OX3XR,64.188,-51.708,ON7KO,51.188,4.208,10140110,-10,-1,33,3481
2014-03-08 00:20:00,10,OX3XR,64.188,-51.708,K9AN,40.104,-88.125,10140103,-20,0,33,3560
